"","x"
"1","4THWY"
"2","7ARUQ"
"3","7TRCU"
"4","8WV9W"
"5","8Y4XQ"
"6","94TFM"
"7","A9UGP"
"8","CA67O"
"9","CD86Y"
"10","EV9HE"
"11","G8K2N"
"12","HJ6PR"
"13","JONEV"
"14","L3KM2"
"15","LICCR"
"16","O791Y"
"17","S8815"
"18","SR8CR"
"19","T2GRD"
"20","VHUH8"
"21","X66JB"
"22","XJK6M"
"23","XPTFY"
"24","Z3XU8"
"25","ZSOF6"
"26","04MYR"
"27","1R3IV"
"28","20K7Z"
"29","2E7C3"
"30","2U5V5"
"31","3YI7N"
"32","67IS9"
"33","6U15T"
"34","71N5A"
"35","76GOF"
"36","7VKHY"
"37","8G8YN"
"38","9QVZC"
"39","AOEE1"
"40","ASGY8"
"41","B93CP"
"42","C1W6Q"
"43","CC06N"
"44","FAWG3"
"45","FBPZ7"
"46","FO4TP"
"47","FOJIF"
"48","GXHNO"
"49","H05CP"
"50","IYF03"
"51","J18WO"
"52","J1IEN"
"53","L3H36"
"54","NNMAC"
"55","NUECC"
"56","NXBJA"
"57","OIWB6"
"58","PKR7L"
"59","PMYSK"
"60","QWOB4"
"61","R3AEE"
"62","RTH1Z"
"63","SXSKJ"
"64","TNO27"
"65","TUZDM"
"66","W27GP"
"67","X8UR0"
"68","Y2G7R"
"69","Z3NVR"
